<?xml version="1.0" encoding="utf-8"?>
<!DOCTYPE hibernate-mapping PUBLIC "-//Hibernate/Hibernate Mapping DTD 3.0//EN"
"http://www.hibernate.org/dtd/hibernate-mapping-3.0.dtd">
<!-- 
    Mapping file autogenerated by MyEclipse Persistence Tools
-->
<hibernate-mapping>
    <class name="org.pcat.inventory.model.User" table="user" catalog="pcat">
        <id name="id" type="java.lang.Integer">
            <column name="id" />
            <generator class="increment" />
        </id>
        <property name="firstname" type="java.lang.String">
            <column name="firstname" />
        </property>
        <property name="supervisor" type="java.lang.String">
            <column name="supervisor" />
        </property>
         <property name="supervisoremail" type="java.lang.String">
            <column name="supervisor_email" />
        </property>
        <property name="email" type="java.lang.String">
            <column name="email" />
        </property>
        <property name="role" type="java.lang.String">
            <column name="role" length="45" />
        </property>
        <property name="lastname" type="java.lang.String">
            <column name="lastname" length="45" />
        </property>
        <property name="isactive" type="java.lang.String">
            <column name="isactive" length="45" />
        </property>
    </class>
</hibernate-mapping>
